--
-- PostgreSQL database dump
--

\restrict 1kbCA888I7OaAMDj6or60zm6t1qWcDUGZ5vyh1ZeZ3NQFdF9gghqi1repUID313

-- Dumped from database version 14.19 (Homebrew)
-- Dumped by pg_dump version 14.19 (Homebrew)

SET statement_timeout = 0;
SET lock_timeout = 0;
SET idle_in_transaction_session_timeout = 0;
SET client_encoding = 'UTF8';
SET standard_conforming_strings = on;
SELECT pg_catalog.set_config('search_path', '', false);
SET check_function_bodies = false;
SET xmloption = content;
SET client_min_messages = warning;
SET row_security = off;

SET default_tablespace = '';

SET default_table_access_method = heap;

--
-- Name: Xpensure_advancerequest; Type: TABLE; Schema: public; Owner: postgres
--

CREATE TABLE public."Xpensure_advancerequest" (
    id bigint NOT NULL,
    amount numeric(10,2) NOT NULL,
    description text NOT NULL,
    request_date date NOT NULL,
    project_date date NOT NULL,
    attachment character varying(100),
    status character varying(20) NOT NULL,
    "currentStep" integer NOT NULL,
    payments jsonb,
    created_at timestamp with time zone NOT NULL,
    rejection_reason text,
    employee_id character varying(50),
    current_approver_id character varying(50),
    updated_at timestamp with time zone NOT NULL,
    approved_by_ceo boolean NOT NULL,
    approved_by_finance boolean NOT NULL,
    attachments jsonb NOT NULL,
    final_approver character varying(50),
    payment_date timestamp with time zone,
    project_id character varying(100),
    project_name character varying(200)
);


ALTER TABLE public."Xpensure_advancerequest" OWNER TO postgres;

--
-- Name: Xpensure_advancerequest_id_seq; Type: SEQUENCE; Schema: public; Owner: postgres
--

ALTER TABLE public."Xpensure_advancerequest" ALTER COLUMN id ADD GENERATED BY DEFAULT AS IDENTITY (
    SEQUENCE NAME public."Xpensure_advancerequest_id_seq"
    START WITH 1
    INCREMENT BY 1
    NO MINVALUE
    NO MAXVALUE
    CACHE 1
);


--
-- Name: Xpensure_approvalhistory; Type: TABLE; Schema: public; Owner: postgres
--

CREATE TABLE public."Xpensure_approvalhistory" (
    id bigint NOT NULL,
    request_type character varying(20) NOT NULL,
    request_id integer NOT NULL,
    approver_id character varying(50) NOT NULL,
    approver_name character varying(100) NOT NULL,
    action character varying(20) NOT NULL,
    comments text NOT NULL,
    "timestamp" timestamp with time zone NOT NULL
);


ALTER TABLE public."Xpensure_approvalhistory" OWNER TO postgres;

--
-- Name: Xpensure_approvalhistory_id_seq; Type: SEQUENCE; Schema: public; Owner: postgres
--

ALTER TABLE public."Xpensure_approvalhistory" ALTER COLUMN id ADD GENERATED BY DEFAULT AS IDENTITY (
    SEQUENCE NAME public."Xpensure_approvalhistory_id_seq"
    START WITH 1
    INCREMENT BY 1
    NO MINVALUE
    NO MAXVALUE
    CACHE 1
);


--
-- Name: Xpensure_employee; Type: TABLE; Schema: public; Owner: postgres
--

CREATE TABLE public."Xpensure_employee" (
    id bigint NOT NULL,
    password character varying(128) NOT NULL,
    last_login timestamp with time zone,
    is_superuser boolean NOT NULL,
    employee_id character varying(50) NOT NULL,
    email character varying(254) NOT NULL,
    "fullName" character varying(100) NOT NULL,
    department character varying(50),
    phone_number character varying(15),
    aadhar_card character varying(12),
    avatar character varying(100),
    role character varying(20) NOT NULL,
    is_active boolean NOT NULL,
    is_staff boolean NOT NULL,
    report_to character varying(50)
);


ALTER TABLE public."Xpensure_employee" OWNER TO postgres;

--
-- Name: Xpensure_employee_groups; Type: TABLE; Schema: public; Owner: postgres
--

CREATE TABLE public."Xpensure_employee_groups" (
    id bigint NOT NULL,
    employee_id bigint NOT NULL,
    group_id integer NOT NULL
);


ALTER TABLE public."Xpensure_employee_groups" OWNER TO postgres;

--
-- Name: Xpensure_employee_groups_id_seq; Type: SEQUENCE; Schema: public; Owner: postgres
--

ALTER TABLE public."Xpensure_employee_groups" ALTER COLUMN id ADD GENERATED BY DEFAULT AS IDENTITY (
    SEQUENCE NAME public."Xpensure_employee_groups_id_seq"
    START WITH 1
    INCREMENT BY 1
    NO MINVALUE
    NO MAXVALUE
    CACHE 1
);


--
-- Name: Xpensure_employee_id_seq; Type: SEQUENCE; Schema: public; Owner: postgres
--

ALTER TABLE public."Xpensure_employee" ALTER COLUMN id ADD GENERATED BY DEFAULT AS IDENTITY (
    SEQUENCE NAME public."Xpensure_employee_id_seq"
    START WITH 1
    INCREMENT BY 1
    NO MINVALUE
    NO MAXVALUE
    CACHE 1
);


--
-- Name: Xpensure_employee_user_permissions; Type: TABLE; Schema: public; Owner: postgres
--

CREATE TABLE public."Xpensure_employee_user_permissions" (
    id bigint NOT NULL,
    employee_id bigint NOT NULL,
    permission_id integer NOT NULL
);


ALTER TABLE public."Xpensure_employee_user_permissions" OWNER TO postgres;

--
-- Name: Xpensure_employee_user_permissions_id_seq; Type: SEQUENCE; Schema: public; Owner: postgres
--

ALTER TABLE public."Xpensure_employee_user_permissions" ALTER COLUMN id ADD GENERATED BY DEFAULT AS IDENTITY (
    SEQUENCE NAME public."Xpensure_employee_user_permissions_id_seq"
    START WITH 1
    INCREMENT BY 1
    NO MINVALUE
    NO MAXVALUE
    CACHE 1
);


--
-- Name: Xpensure_reimbursement; Type: TABLE; Schema: public; Owner: postgres
--

CREATE TABLE public."Xpensure_reimbursement" (
    id bigint NOT NULL,
    amount numeric(10,2) NOT NULL,
    description text,
    attachment character varying(100),
    date date NOT NULL,
    status character varying(20) NOT NULL,
    "currentStep" integer NOT NULL,
    payments jsonb,
    created_at timestamp with time zone NOT NULL,
    rejection_reason text,
    employee_id character varying(50),
    current_approver_id character varying(50),
    updated_at timestamp with time zone NOT NULL,
    approved_by_ceo boolean NOT NULL,
    approved_by_finance boolean NOT NULL,
    attachments jsonb NOT NULL,
    final_approver character varying(50),
    payment_date timestamp with time zone,
    project_id character varying(100)
);


ALTER TABLE public."Xpensure_reimbursement" OWNER TO postgres;

--
-- Name: Xpensure_reimbursement_id_seq; Type: SEQUENCE; Schema: public; Owner: postgres
--

ALTER TABLE public."Xpensure_reimbursement" ALTER COLUMN id ADD GENERATED BY DEFAULT AS IDENTITY (
    SEQUENCE NAME public."Xpensure_reimbursement_id_seq"
    START WITH 1
    INCREMENT BY 1
    NO MINVALUE
    NO MAXVALUE
    CACHE 1
);


--
-- Name: auth_group; Type: TABLE; Schema: public; Owner: postgres
--

CREATE TABLE public.auth_group (
    id integer NOT NULL,
    name character varying(150) NOT NULL
);


ALTER TABLE public.auth_group OWNER TO postgres;

--
-- Name: auth_group_id_seq; Type: SEQUENCE; Schema: public; Owner: postgres
--

ALTER TABLE public.auth_group ALTER COLUMN id ADD GENERATED BY DEFAULT AS IDENTITY (
    SEQUENCE NAME public.auth_group_id_seq
    START WITH 1
    INCREMENT BY 1
    NO MINVALUE
    NO MAXVALUE
    CACHE 1
);


--
-- Name: auth_group_permissions; Type: TABLE; Schema: public; Owner: postgres
--

CREATE TABLE public.auth_group_permissions (
    id bigint NOT NULL,
    group_id integer NOT NULL,
    permission_id integer NOT NULL
);


ALTER TABLE public.auth_group_permissions OWNER TO postgres;

--
-- Name: auth_group_permissions_id_seq; Type: SEQUENCE; Schema: public; Owner: postgres
--

ALTER TABLE public.auth_group_permissions ALTER COLUMN id ADD GENERATED BY DEFAULT AS IDENTITY (
    SEQUENCE NAME public.auth_group_permissions_id_seq
    START WITH 1
    INCREMENT BY 1
    NO MINVALUE
    NO MAXVALUE
    CACHE 1
);


--
-- Name: auth_permission; Type: TABLE; Schema: public; Owner: postgres
--

CREATE TABLE public.auth_permission (
    id integer NOT NULL,
    name character varying(255) NOT NULL,
    content_type_id integer NOT NULL,
    codename character varying(100) NOT NULL
);


ALTER TABLE public.auth_permission OWNER TO postgres;

--
-- Name: auth_permission_id_seq; Type: SEQUENCE; Schema: public; Owner: postgres
--

ALTER TABLE public.auth_permission ALTER COLUMN id ADD GENERATED BY DEFAULT AS IDENTITY (
    SEQUENCE NAME public.auth_permission_id_seq
    START WITH 1
    INCREMENT BY 1
    NO MINVALUE
    NO MAXVALUE
    CACHE 1
);


--
-- Name: authtoken_token; Type: TABLE; Schema: public; Owner: postgres
--

CREATE TABLE public.authtoken_token (
    key character varying(40) NOT NULL,
    created timestamp with time zone NOT NULL,
    user_id bigint NOT NULL
);


ALTER TABLE public.authtoken_token OWNER TO postgres;

--
-- Name: django_admin_log; Type: TABLE; Schema: public; Owner: postgres
--

CREATE TABLE public.django_admin_log (
    id integer NOT NULL,
    action_time timestamp with time zone NOT NULL,
    object_id text,
    object_repr character varying(200) NOT NULL,
    action_flag smallint NOT NULL,
    change_message text NOT NULL,
    content_type_id integer,
    user_id bigint NOT NULL,
    CONSTRAINT django_admin_log_action_flag_check CHECK ((action_flag >= 0))
);


ALTER TABLE public.django_admin_log OWNER TO postgres;

--
-- Name: django_admin_log_id_seq; Type: SEQUENCE; Schema: public; Owner: postgres
--

ALTER TABLE public.django_admin_log ALTER COLUMN id ADD GENERATED BY DEFAULT AS IDENTITY (
    SEQUENCE NAME public.django_admin_log_id_seq
    START WITH 1
    INCREMENT BY 1
    NO MINVALUE
    NO MAXVALUE
    CACHE 1
);


--
-- Name: django_content_type; Type: TABLE; Schema: public; Owner: postgres
--

CREATE TABLE public.django_content_type (
    id integer NOT NULL,
    app_label character varying(100) NOT NULL,
    model character varying(100) NOT NULL
);


ALTER TABLE public.django_content_type OWNER TO postgres;

--
-- Name: django_content_type_id_seq; Type: SEQUENCE; Schema: public; Owner: postgres
--

ALTER TABLE public.django_content_type ALTER COLUMN id ADD GENERATED BY DEFAULT AS IDENTITY (
    SEQUENCE NAME public.django_content_type_id_seq
    START WITH 1
    INCREMENT BY 1
    NO MINVALUE
    NO MAXVALUE
    CACHE 1
);


--
-- Name: django_migrations; Type: TABLE; Schema: public; Owner: postgres
--

CREATE TABLE public.django_migrations (
    id bigint NOT NULL,
    app character varying(255) NOT NULL,
    name character varying(255) NOT NULL,
    applied timestamp with time zone NOT NULL
);


ALTER TABLE public.django_migrations OWNER TO postgres;

--
-- Name: django_migrations_id_seq; Type: SEQUENCE; Schema: public; Owner: postgres
--

ALTER TABLE public.django_migrations ALTER COLUMN id ADD GENERATED BY DEFAULT AS IDENTITY (
    SEQUENCE NAME public.django_migrations_id_seq
    START WITH 1
    INCREMENT BY 1
    NO MINVALUE
    NO MAXVALUE
    CACHE 1
);


--
-- Name: django_session; Type: TABLE; Schema: public; Owner: postgres
--

CREATE TABLE public.django_session (
    session_key character varying(40) NOT NULL,
    session_data text NOT NULL,
    expire_date timestamp with time zone NOT NULL
);


ALTER TABLE public.django_session OWNER TO postgres;

--
-- Data for Name: Xpensure_advancerequest; Type: TABLE DATA; Schema: public; Owner: postgres
--

COPY public."Xpensure_advancerequest" (id, amount, description, request_date, project_date, attachment, status, "currentStep", payments, created_at, rejection_reason, employee_id, current_approver_id, updated_at, approved_by_ceo, approved_by_finance, attachments, final_approver, payment_date, project_id, project_name) FROM stdin;
\.


--
-- Data for Name: Xpensure_approvalhistory; Type: TABLE DATA; Schema: public; Owner: postgres
--

COPY public."Xpensure_approvalhistory" (id, request_type, request_id, approver_id, approver_name, action, comments, "timestamp") FROM stdin;
\.


--
-- Data for Name: Xpensure_employee; Type: TABLE DATA; Schema: public; Owner: postgres
--

COPY public."Xpensure_employee" (id, password, last_login, is_superuser, employee_id, email, "fullName", department, phone_number, aadhar_card, avatar, role, is_active, is_staff, report_to) FROM stdin;
3	pbkdf2_sha256$1000000$dmvt1TemQC27QstIB9iiYa$ZlYORCWz0h859t2tCQm09/ewX0YY9j6wcLor5BUMwj0=	\N	f	MIPL-0029	hr@example.com	Shabina Tahira	HR	0000000000	000000000000	avatars/scaled_Sabrina_Carpenter_Album.jpg	HR	t	t	\N
5	!9H0reQ0giLkSSj1lhVaBxGguhW6aKcpzEMrodonr	\N	f	021105	tanika@gmail.com	tanika	MINPL	7004628683	1234567890	avatars/avatar_1760861725984.jpg	Common	t	f	160805
4	pbkdf2_sha256$1000000$i9y6KyCJ61t7OcT8sHf8ru$WMthZ2ghU0mTte/zbOfDD+QXlrD+49i4t+P+vJRwTNk=	\N	f	010405	anushka@gmail.com	ANUSHKA	MIPL	8287247221	1234567890	avatars/avatar_1760861660351.jpg	Common	t	f	021105
8	pbkdf2_sha256$1000000$II6iOTWkC3Fafhbm0zVl0o$om1l2tCLTncNxsCHSuJN4LQPtn5dfuMZ6y1aa8nbsF0=	\N	f	271213	nikki@gmail.com	Nikki	Finance	1234567890	1234567890		Finance	t	f	MIPL-0047
6	pbkdf2_sha256$1000000$JRYOmkCYU8H5BzpWwqVYZG$+mN1qgO04WkJyPNgYZMXUCcTZ2YnC5KUi3UXb4L/yzs=	\N	f	160805	yash@gmail.com	Yash	MIPL	7004645883	1234567890	avatars/avatar_1760861802425.jpg	Common	t	f	271213
7	pbkdf2_sha256$1000000$oPlXAXSvyKcYQO49l2HvbA$GN6AZ89w0fKD8qMNVu5NDX/fQB6Dr+MWAp7uhUR6ib8=	\N	f	MIPL-0047	CEO@GMAIL.COM	CEO	MIPL	1234567890	1234567890		CEO	t	f	011605
\.


--
-- Data for Name: Xpensure_employee_groups; Type: TABLE DATA; Schema: public; Owner: postgres
--

COPY public."Xpensure_employee_groups" (id, employee_id, group_id) FROM stdin;
\.


--
-- Data for Name: Xpensure_employee_user_permissions; Type: TABLE DATA; Schema: public; Owner: postgres
--

COPY public."Xpensure_employee_user_permissions" (id, employee_id, permission_id) FROM stdin;
\.


--
-- Data for Name: Xpensure_reimbursement; Type: TABLE DATA; Schema: public; Owner: postgres
--

COPY public."Xpensure_reimbursement" (id, amount, description, attachment, date, status, "currentStep", payments, created_at, rejection_reason, employee_id, current_approver_id, updated_at, approved_by_ceo, approved_by_finance, attachments, final_approver, payment_date, project_id) FROM stdin;
\.


--
-- Data for Name: auth_group; Type: TABLE DATA; Schema: public; Owner: postgres
--

COPY public.auth_group (id, name) FROM stdin;
\.


--
-- Data for Name: auth_group_permissions; Type: TABLE DATA; Schema: public; Owner: postgres
--

COPY public.auth_group_permissions (id, group_id, permission_id) FROM stdin;
\.


--
-- Data for Name: auth_permission; Type: TABLE DATA; Schema: public; Owner: postgres
--

COPY public.auth_permission (id, name, content_type_id, codename) FROM stdin;
1	Can add log entry	1	add_logentry
2	Can change log entry	1	change_logentry
3	Can delete log entry	1	delete_logentry
4	Can view log entry	1	view_logentry
5	Can add permission	2	add_permission
6	Can change permission	2	change_permission
7	Can delete permission	2	delete_permission
8	Can view permission	2	view_permission
9	Can add group	3	add_group
10	Can change group	3	change_group
11	Can delete group	3	delete_group
12	Can view group	3	view_group
13	Can add content type	4	add_contenttype
14	Can change content type	4	change_contenttype
15	Can delete content type	4	delete_contenttype
16	Can view content type	4	view_contenttype
17	Can add session	5	add_session
18	Can change session	5	change_session
19	Can delete session	5	delete_session
20	Can view session	5	view_session
21	Can add Token	6	add_token
22	Can change Token	6	change_token
23	Can delete Token	6	delete_token
24	Can view Token	6	view_token
25	Can add Token	7	add_tokenproxy
26	Can change Token	7	change_tokenproxy
27	Can delete Token	7	delete_tokenproxy
28	Can view Token	7	view_tokenproxy
29	Can add employee	8	add_employee
30	Can change employee	8	change_employee
31	Can delete employee	8	delete_employee
32	Can view employee	8	view_employee
33	Can add reimbursement	9	add_reimbursement
34	Can change reimbursement	9	change_reimbursement
35	Can delete reimbursement	9	delete_reimbursement
36	Can view reimbursement	9	view_reimbursement
37	Can add advance request	10	add_advancerequest
38	Can change advance request	10	change_advancerequest
39	Can delete advance request	10	delete_advancerequest
40	Can view advance request	10	view_advancerequest
41	Can add approval history	11	add_approvalhistory
42	Can change approval history	11	change_approvalhistory
43	Can delete approval history	11	delete_approvalhistory
44	Can view approval history	11	view_approvalhistory
\.


--
-- Data for Name: authtoken_token; Type: TABLE DATA; Schema: public; Owner: postgres
--

COPY public.authtoken_token (key, created, user_id) FROM stdin;
4ddb3b305de4b0a0650178c4791c244ab6b0e012	2025-10-19 13:43:29.531553+05:30	3
425dbeed0d9d56c3ae88a296852ed4aff0fc399e	2025-10-19 14:59:55.039277+05:30	8
\.


--
-- Data for Name: django_admin_log; Type: TABLE DATA; Schema: public; Owner: postgres
--

COPY public.django_admin_log (id, action_time, object_id, object_repr, action_flag, change_message, content_type_id, user_id) FROM stdin;
\.


--
-- Data for Name: django_content_type; Type: TABLE DATA; Schema: public; Owner: postgres
--

COPY public.django_content_type (id, app_label, model) FROM stdin;
1	admin	logentry
2	auth	permission
3	auth	group
4	contenttypes	contenttype
5	sessions	session
6	authtoken	token
7	authtoken	tokenproxy
8	Xpensure	employee
9	Xpensure	reimbursement
10	Xpensure	advancerequest
11	Xpensure	approvalhistory
\.


--
-- Data for Name: django_migrations; Type: TABLE DATA; Schema: public; Owner: postgres
--

COPY public.django_migrations (id, app, name, applied) FROM stdin;
1	contenttypes	0001_initial	2025-10-19 12:03:28.674184+05:30
2	contenttypes	0002_remove_content_type_name	2025-10-19 12:03:28.737117+05:30
3	auth	0001_initial	2025-10-19 12:03:28.845826+05:30
4	auth	0002_alter_permission_name_max_length	2025-10-19 12:03:28.869704+05:30
5	auth	0003_alter_user_email_max_length	2025-10-19 12:03:28.909975+05:30
6	auth	0004_alter_user_username_opts	2025-10-19 12:03:28.934916+05:30
7	auth	0005_alter_user_last_login_null	2025-10-19 12:03:29.000454+05:30
8	auth	0006_require_contenttypes_0002	2025-10-19 12:03:29.008958+05:30
9	auth	0007_alter_validators_add_error_messages	2025-10-19 12:03:29.021517+05:30
10	auth	0008_alter_user_username_max_length	2025-10-19 12:03:29.044408+05:30
11	auth	0009_alter_user_last_name_max_length	2025-10-19 12:03:29.068967+05:30
12	auth	0010_alter_group_name_max_length	2025-10-19 12:03:29.092065+05:30
13	auth	0011_update_proxy_permissions	2025-10-19 12:03:29.102514+05:30
14	auth	0012_alter_user_first_name_max_length	2025-10-19 12:03:29.121122+05:30
15	Xpensure	0001_initial	2025-10-19 12:03:29.378874+05:30
16	Xpensure	0002_rename_remarks_advancerequest_rejection_reason_and_more	2025-10-19 12:03:29.636398+05:30
17	Xpensure	0003_approvalhistory_advancerequest_approved_by_ceo_and_more	2025-10-19 12:03:29.904046+05:30
18	admin	0001_initial	2025-10-19 12:03:29.957715+05:30
19	admin	0002_logentry_remove_auto_add	2025-10-19 12:03:29.983885+05:30
20	admin	0003_logentry_add_action_flag_choices	2025-10-19 12:03:30.053815+05:30
21	authtoken	0001_initial	2025-10-19 12:03:30.202789+05:30
22	authtoken	0002_auto_20160226_1747	2025-10-19 12:03:30.30694+05:30
23	authtoken	0003_tokenproxy	2025-10-19 12:03:30.312227+05:30
24	authtoken	0004_alter_tokenproxy_options	2025-10-19 12:03:30.345283+05:30
25	sessions	0001_initial	2025-10-19 12:03:30.596546+05:30
\.


--
-- Data for Name: django_session; Type: TABLE DATA; Schema: public; Owner: postgres
--

COPY public.django_session (session_key, session_data, expire_date) FROM stdin;
\.


--
-- Name: Xpensure_advancerequest_id_seq; Type: SEQUENCE SET; Schema: public; Owner: postgres
--

SELECT pg_catalog.setval('public."Xpensure_advancerequest_id_seq"', 1, false);


--
-- Name: Xpensure_approvalhistory_id_seq; Type: SEQUENCE SET; Schema: public; Owner: postgres
--

SELECT pg_catalog.setval('public."Xpensure_approvalhistory_id_seq"', 1, false);


--
-- Name: Xpensure_employee_groups_id_seq; Type: SEQUENCE SET; Schema: public; Owner: postgres
--

SELECT pg_catalog.setval('public."Xpensure_employee_groups_id_seq"', 1, false);


--
-- Name: Xpensure_employee_id_seq; Type: SEQUENCE SET; Schema: public; Owner: postgres
--

SELECT pg_catalog.setval('public."Xpensure_employee_id_seq"', 8, true);


--
-- Name: Xpensure_employee_user_permissions_id_seq; Type: SEQUENCE SET; Schema: public; Owner: postgres
--

SELECT pg_catalog.setval('public."Xpensure_employee_user_permissions_id_seq"', 1, false);


--
-- Name: Xpensure_reimbursement_id_seq; Type: SEQUENCE SET; Schema: public; Owner: postgres
--

SELECT pg_catalog.setval('public."Xpensure_reimbursement_id_seq"', 1, false);


--
-- Name: auth_group_id_seq; Type: SEQUENCE SET; Schema: public; Owner: postgres
--

SELECT pg_catalog.setval('public.auth_group_id_seq', 1, false);


--
-- Name: auth_group_permissions_id_seq; Type: SEQUENCE SET; Schema: public; Owner: postgres
--

SELECT pg_catalog.setval('public.auth_group_permissions_id_seq', 1, false);


--
-- Name: auth_permission_id_seq; Type: SEQUENCE SET; Schema: public; Owner: postgres
--

SELECT pg_catalog.setval('public.auth_permission_id_seq', 44, true);


--
-- Name: django_admin_log_id_seq; Type: SEQUENCE SET; Schema: public; Owner: postgres
--

SELECT pg_catalog.setval('public.django_admin_log_id_seq', 1, false);


--
-- Name: django_content_type_id_seq; Type: SEQUENCE SET; Schema: public; Owner: postgres
--

SELECT pg_catalog.setval('public.django_content_type_id_seq', 11, true);


--
-- Name: django_migrations_id_seq; Type: SEQUENCE SET; Schema: public; Owner: postgres
--

SELECT pg_catalog.setval('public.django_migrations_id_seq', 25, true);


--
-- Name: Xpensure_advancerequest Xpensure_advancerequest_pkey; Type: CONSTRAINT; Schema: public; Owner: postgres
--

ALTER TABLE ONLY public."Xpensure_advancerequest"
    ADD CONSTRAINT "Xpensure_advancerequest_pkey" PRIMARY KEY (id);


--
-- Name: Xpensure_approvalhistory Xpensure_approvalhistory_pkey; Type: CONSTRAINT; Schema: public; Owner: postgres
--

ALTER TABLE ONLY public."Xpensure_approvalhistory"
    ADD CONSTRAINT "Xpensure_approvalhistory_pkey" PRIMARY KEY (id);


--
-- Name: Xpensure_employee Xpensure_employee_email_key; Type: CONSTRAINT; Schema: public; Owner: postgres
--

ALTER TABLE ONLY public."Xpensure_employee"
    ADD CONSTRAINT "Xpensure_employee_email_key" UNIQUE (email);


--
-- Name: Xpensure_employee Xpensure_employee_employee_id_key; Type: CONSTRAINT; Schema: public; Owner: postgres
--

ALTER TABLE ONLY public."Xpensure_employee"
    ADD CONSTRAINT "Xpensure_employee_employee_id_key" UNIQUE (employee_id);


--
-- Name: Xpensure_employee_groups Xpensure_employee_groups_employee_id_group_id_70c33f54_uniq; Type: CONSTRAINT; Schema: public; Owner: postgres
--

ALTER TABLE ONLY public."Xpensure_employee_groups"
    ADD CONSTRAINT "Xpensure_employee_groups_employee_id_group_id_70c33f54_uniq" UNIQUE (employee_id, group_id);


--
-- Name: Xpensure_employee_groups Xpensure_employee_groups_pkey; Type: CONSTRAINT; Schema: public; Owner: postgres
--

ALTER TABLE ONLY public."Xpensure_employee_groups"
    ADD CONSTRAINT "Xpensure_employee_groups_pkey" PRIMARY KEY (id);


--
-- Name: Xpensure_employee Xpensure_employee_pkey; Type: CONSTRAINT; Schema: public; Owner: postgres
--

ALTER TABLE ONLY public."Xpensure_employee"
    ADD CONSTRAINT "Xpensure_employee_pkey" PRIMARY KEY (id);


--
-- Name: Xpensure_employee_user_permissions Xpensure_employee_user_p_employee_id_permission_i_ecb78c53_uniq; Type: CONSTRAINT; Schema: public; Owner: postgres
--

ALTER TABLE ONLY public."Xpensure_employee_user_permissions"
    ADD CONSTRAINT "Xpensure_employee_user_p_employee_id_permission_i_ecb78c53_uniq" UNIQUE (employee_id, permission_id);


--
-- Name: Xpensure_employee_user_permissions Xpensure_employee_user_permissions_pkey; Type: CONSTRAINT; Schema: public; Owner: postgres
--

ALTER TABLE ONLY public."Xpensure_employee_user_permissions"
    ADD CONSTRAINT "Xpensure_employee_user_permissions_pkey" PRIMARY KEY (id);


--
-- Name: Xpensure_reimbursement Xpensure_reimbursement_pkey; Type: CONSTRAINT; Schema: public; Owner: postgres
--

ALTER TABLE ONLY public."Xpensure_reimbursement"
    ADD CONSTRAINT "Xpensure_reimbursement_pkey" PRIMARY KEY (id);


--
-- Name: auth_group auth_group_name_key; Type: CONSTRAINT; Schema: public; Owner: postgres
--

ALTER TABLE ONLY public.auth_group
    ADD CONSTRAINT auth_group_name_key UNIQUE (name);


--
-- Name: auth_group_permissions auth_group_permissions_group_id_permission_id_0cd325b0_uniq; Type: CONSTRAINT; Schema: public; Owner: postgres
--

ALTER TABLE ONLY public.auth_group_permissions
    ADD CONSTRAINT auth_group_permissions_group_id_permission_id_0cd325b0_uniq UNIQUE (group_id, permission_id);


--
-- Name: auth_group_permissions auth_group_permissions_pkey; Type: CONSTRAINT; Schema: public; Owner: postgres
--

ALTER TABLE ONLY public.auth_group_permissions
    ADD CONSTRAINT auth_group_permissions_pkey PRIMARY KEY (id);


--
-- Name: auth_group auth_group_pkey; Type: CONSTRAINT; Schema: public; Owner: postgres
--

ALTER TABLE ONLY public.auth_group
    ADD CONSTRAINT auth_group_pkey PRIMARY KEY (id);


--
-- Name: auth_permission auth_permission_content_type_id_codename_01ab375a_uniq; Type: CONSTRAINT; Schema: public; Owner: postgres
--

ALTER TABLE ONLY public.auth_permission
    ADD CONSTRAINT auth_permission_content_type_id_codename_01ab375a_uniq UNIQUE (content_type_id, codename);


--
-- Name: auth_permission auth_permission_pkey; Type: CONSTRAINT; Schema: public; Owner: postgres
--

ALTER TABLE ONLY public.auth_permission
    ADD CONSTRAINT auth_permission_pkey PRIMARY KEY (id);


--
-- Name: authtoken_token authtoken_token_pkey; Type: CONSTRAINT; Schema: public; Owner: postgres
--

ALTER TABLE ONLY public.authtoken_token
    ADD CONSTRAINT authtoken_token_pkey PRIMARY KEY (key);


--
-- Name: authtoken_token authtoken_token_user_id_key; Type: CONSTRAINT; Schema: public; Owner: postgres
--

ALTER TABLE ONLY public.authtoken_token
    ADD CONSTRAINT authtoken_token_user_id_key UNIQUE (user_id);


--
-- Name: django_admin_log django_admin_log_pkey; Type: CONSTRAINT; Schema: public; Owner: postgres
--

ALTER TABLE ONLY public.django_admin_log
    ADD CONSTRAINT django_admin_log_pkey PRIMARY KEY (id);


--
-- Name: django_content_type django_content_type_app_label_model_76bd3d3b_uniq; Type: CONSTRAINT; Schema: public; Owner: postgres
--

ALTER TABLE ONLY public.django_content_type
    ADD CONSTRAINT django_content_type_app_label_model_76bd3d3b_uniq UNIQUE (app_label, model);


--
-- Name: django_content_type django_content_type_pkey; Type: CONSTRAINT; Schema: public; Owner: postgres
--

ALTER TABLE ONLY public.django_content_type
    ADD CONSTRAINT django_content_type_pkey PRIMARY KEY (id);


--
-- Name: django_migrations django_migrations_pkey; Type: CONSTRAINT; Schema: public; Owner: postgres
--

ALTER TABLE ONLY public.django_migrations
    ADD CONSTRAINT django_migrations_pkey PRIMARY KEY (id);


--
-- Name: django_session django_session_pkey; Type: CONSTRAINT; Schema: public; Owner: postgres
--

ALTER TABLE ONLY public.django_session
    ADD CONSTRAINT django_session_pkey PRIMARY KEY (session_key);


--
-- Name: Xpensure_advancerequest_employee_id_33c6ef09; Type: INDEX; Schema: public; Owner: postgres
--

CREATE INDEX "Xpensure_advancerequest_employee_id_33c6ef09" ON public."Xpensure_advancerequest" USING btree (employee_id);


--
-- Name: Xpensure_advancerequest_employee_id_33c6ef09_like; Type: INDEX; Schema: public; Owner: postgres
--

CREATE INDEX "Xpensure_advancerequest_employee_id_33c6ef09_like" ON public."Xpensure_advancerequest" USING btree (employee_id varchar_pattern_ops);


--
-- Name: Xpensure_employee_email_25e3e905_like; Type: INDEX; Schema: public; Owner: postgres
--

CREATE INDEX "Xpensure_employee_email_25e3e905_like" ON public."Xpensure_employee" USING btree (email varchar_pattern_ops);


--
-- Name: Xpensure_employee_employee_id_be5c5e82_like; Type: INDEX; Schema: public; Owner: postgres
--

CREATE INDEX "Xpensure_employee_employee_id_be5c5e82_like" ON public."Xpensure_employee" USING btree (employee_id varchar_pattern_ops);


--
-- Name: Xpensure_employee_groups_employee_id_9591ee3c; Type: INDEX; Schema: public; Owner: postgres
--

CREATE INDEX "Xpensure_employee_groups_employee_id_9591ee3c" ON public."Xpensure_employee_groups" USING btree (employee_id);


--
-- Name: Xpensure_employee_groups_group_id_a65a6357; Type: INDEX; Schema: public; Owner: postgres
--

CREATE INDEX "Xpensure_employee_groups_group_id_a65a6357" ON public."Xpensure_employee_groups" USING btree (group_id);


--
-- Name: Xpensure_employee_user_permissions_employee_id_0c7c83d5; Type: INDEX; Schema: public; Owner: postgres
--

CREATE INDEX "Xpensure_employee_user_permissions_employee_id_0c7c83d5" ON public."Xpensure_employee_user_permissions" USING btree (employee_id);


--
-- Name: Xpensure_employee_user_permissions_permission_id_e0b6a2da; Type: INDEX; Schema: public; Owner: postgres
--

CREATE INDEX "Xpensure_employee_user_permissions_permission_id_e0b6a2da" ON public."Xpensure_employee_user_permissions" USING btree (permission_id);


--
-- Name: Xpensure_reimbursement_employee_id_a8478006; Type: INDEX; Schema: public; Owner: postgres
--

CREATE INDEX "Xpensure_reimbursement_employee_id_a8478006" ON public."Xpensure_reimbursement" USING btree (employee_id);


--
-- Name: Xpensure_reimbursement_employee_id_a8478006_like; Type: INDEX; Schema: public; Owner: postgres
--

CREATE INDEX "Xpensure_reimbursement_employee_id_a8478006_like" ON public."Xpensure_reimbursement" USING btree (employee_id varchar_pattern_ops);


--
-- Name: auth_group_name_a6ea08ec_like; Type: INDEX; Schema: public; Owner: postgres
--

CREATE INDEX auth_group_name_a6ea08ec_like ON public.auth_group USING btree (name varchar_pattern_ops);


--
-- Name: auth_group_permissions_group_id_b120cbf9; Type: INDEX; Schema: public; Owner: postgres
--

CREATE INDEX auth_group_permissions_group_id_b120cbf9 ON public.auth_group_permissions USING btree (group_id);


--
-- Name: auth_group_permissions_permission_id_84c5c92e; Type: INDEX; Schema: public; Owner: postgres
--

CREATE INDEX auth_group_permissions_permission_id_84c5c92e ON public.auth_group_permissions USING btree (permission_id);


--
-- Name: auth_permission_content_type_id_2f476e4b; Type: INDEX; Schema: public; Owner: postgres
--

CREATE INDEX auth_permission_content_type_id_2f476e4b ON public.auth_permission USING btree (content_type_id);


--
-- Name: authtoken_token_key_10f0b77e_like; Type: INDEX; Schema: public; Owner: postgres
--

CREATE INDEX authtoken_token_key_10f0b77e_like ON public.authtoken_token USING btree (key varchar_pattern_ops);


--
-- Name: django_admin_log_content_type_id_c4bce8eb; Type: INDEX; Schema: public; Owner: postgres
--

CREATE INDEX django_admin_log_content_type_id_c4bce8eb ON public.django_admin_log USING btree (content_type_id);


--
-- Name: django_admin_log_user_id_c564eba6; Type: INDEX; Schema: public; Owner: postgres
--

CREATE INDEX django_admin_log_user_id_c564eba6 ON public.django_admin_log USING btree (user_id);


--
-- Name: django_session_expire_date_a5c62663; Type: INDEX; Schema: public; Owner: postgres
--

CREATE INDEX django_session_expire_date_a5c62663 ON public.django_session USING btree (expire_date);


--
-- Name: django_session_session_key_c0390e0f_like; Type: INDEX; Schema: public; Owner: postgres
--

CREATE INDEX django_session_session_key_c0390e0f_like ON public.django_session USING btree (session_key varchar_pattern_ops);


--
-- Name: Xpensure_advancerequest Xpensure_advancerequ_employee_id_33c6ef09_fk_Xpensure_; Type: FK CONSTRAINT; Schema: public; Owner: postgres
--

ALTER TABLE ONLY public."Xpensure_advancerequest"
    ADD CONSTRAINT "Xpensure_advancerequ_employee_id_33c6ef09_fk_Xpensure_" FOREIGN KEY (employee_id) REFERENCES public."Xpensure_employee"(employee_id) DEFERRABLE INITIALLY DEFERRED;


--
-- Name: Xpensure_employee_groups Xpensure_employee_gr_employee_id_9591ee3c_fk_Xpensure_; Type: FK CONSTRAINT; Schema: public; Owner: postgres
--

ALTER TABLE ONLY public."Xpensure_employee_groups"
    ADD CONSTRAINT "Xpensure_employee_gr_employee_id_9591ee3c_fk_Xpensure_" FOREIGN KEY (employee_id) REFERENCES public."Xpensure_employee"(id) DEFERRABLE INITIALLY DEFERRED;


--
-- Name: Xpensure_employee_groups Xpensure_employee_groups_group_id_a65a6357_fk_auth_group_id; Type: FK CONSTRAINT; Schema: public; Owner: postgres
--

ALTER TABLE ONLY public."Xpensure_employee_groups"
    ADD CONSTRAINT "Xpensure_employee_groups_group_id_a65a6357_fk_auth_group_id" FOREIGN KEY (group_id) REFERENCES public.auth_group(id) DEFERRABLE INITIALLY DEFERRED;


--
-- Name: Xpensure_employee_user_permissions Xpensure_employee_us_employee_id_0c7c83d5_fk_Xpensure_; Type: FK CONSTRAINT; Schema: public; Owner: postgres
--

ALTER TABLE ONLY public."Xpensure_employee_user_permissions"
    ADD CONSTRAINT "Xpensure_employee_us_employee_id_0c7c83d5_fk_Xpensure_" FOREIGN KEY (employee_id) REFERENCES public."Xpensure_employee"(id) DEFERRABLE INITIALLY DEFERRED;


--
-- Name: Xpensure_employee_user_permissions Xpensure_employee_us_permission_id_e0b6a2da_fk_auth_perm; Type: FK CONSTRAINT; Schema: public; Owner: postgres
--

ALTER TABLE ONLY public."Xpensure_employee_user_permissions"
    ADD CONSTRAINT "Xpensure_employee_us_permission_id_e0b6a2da_fk_auth_perm" FOREIGN KEY (permission_id) REFERENCES public.auth_permission(id) DEFERRABLE INITIALLY DEFERRED;


--
-- Name: Xpensure_reimbursement Xpensure_reimburseme_employee_id_a8478006_fk_Xpensure_; Type: FK CONSTRAINT; Schema: public; Owner: postgres
--

ALTER TABLE ONLY public."Xpensure_reimbursement"
    ADD CONSTRAINT "Xpensure_reimburseme_employee_id_a8478006_fk_Xpensure_" FOREIGN KEY (employee_id) REFERENCES public."Xpensure_employee"(employee_id) DEFERRABLE INITIALLY DEFERRED;


--
-- Name: auth_group_permissions auth_group_permissio_permission_id_84c5c92e_fk_auth_perm; Type: FK CONSTRAINT; Schema: public; Owner: postgres
--

ALTER TABLE ONLY public.auth_group_permissions
    ADD CONSTRAINT auth_group_permissio_permission_id_84c5c92e_fk_auth_perm FOREIGN KEY (permission_id) REFERENCES public.auth_permission(id) DEFERRABLE INITIALLY DEFERRED;


--
-- Name: auth_group_permissions auth_group_permissions_group_id_b120cbf9_fk_auth_group_id; Type: FK CONSTRAINT; Schema: public; Owner: postgres
--

ALTER TABLE ONLY public.auth_group_permissions
    ADD CONSTRAINT auth_group_permissions_group_id_b120cbf9_fk_auth_group_id FOREIGN KEY (group_id) REFERENCES public.auth_group(id) DEFERRABLE INITIALLY DEFERRED;


--
-- Name: auth_permission auth_permission_content_type_id_2f476e4b_fk_django_co; Type: FK CONSTRAINT; Schema: public; Owner: postgres
--

ALTER TABLE ONLY public.auth_permission
    ADD CONSTRAINT auth_permission_content_type_id_2f476e4b_fk_django_co FOREIGN KEY (content_type_id) REFERENCES public.django_content_type(id) DEFERRABLE INITIALLY DEFERRED;


--
-- Name: authtoken_token authtoken_token_user_id_35299eff_fk_Xpensure_employee_id; Type: FK CONSTRAINT; Schema: public; Owner: postgres
--

ALTER TABLE ONLY public.authtoken_token
    ADD CONSTRAINT "authtoken_token_user_id_35299eff_fk_Xpensure_employee_id" FOREIGN KEY (user_id) REFERENCES public."Xpensure_employee"(id) DEFERRABLE INITIALLY DEFERRED;


--
-- Name: django_admin_log django_admin_log_content_type_id_c4bce8eb_fk_django_co; Type: FK CONSTRAINT; Schema: public; Owner: postgres
--

ALTER TABLE ONLY public.django_admin_log
    ADD CONSTRAINT django_admin_log_content_type_id_c4bce8eb_fk_django_co FOREIGN KEY (content_type_id) REFERENCES public.django_content_type(id) DEFERRABLE INITIALLY DEFERRED;


--
-- Name: django_admin_log django_admin_log_user_id_c564eba6_fk_Xpensure_employee_id; Type: FK CONSTRAINT; Schema: public; Owner: postgres
--

ALTER TABLE ONLY public.django_admin_log
    ADD CONSTRAINT "django_admin_log_user_id_c564eba6_fk_Xpensure_employee_id" FOREIGN KEY (user_id) REFERENCES public."Xpensure_employee"(id) DEFERRABLE INITIALLY DEFERRED;


--
-- PostgreSQL database dump complete
--

\unrestrict 1kbCA888I7OaAMDj6or60zm6t1qWcDUGZ5vyh1ZeZ3NQFdF9gghqi1repUID313